{"cameraMode":{"drawMode":0,"name":"Shaded","section":"Shading Mode"},"sceneLighting":false,"audioPlay":false,"sceneViewState":{"showFog":false,"showMaterialUpdate":false,"showSkybox":false,"showFlares":false,"showImageEffects":false,"showParticleSystems":false},"in2DMode":false,"pivot":{"x":-0.09490108489990235,"y":0.5290882587432861,"z":-0.2760268449783325},"rotation":{"x":-0.05626392364501953,"y":0.9376505017280579,"z":-0.1811160147190094,"w":-0.29128143191337588},"size":1.4277927875518799,"orthographic":false}