{"cameraMode":{"drawMode":0,"name":"Shaded","section":"Shading Mode"},"sceneLighting":false,"audioPlay":false,"sceneViewState":{"showFog":false,"showMaterialUpdate":false,"showSkybox":false,"showFlares":false,"showImageEffects":false,"showParticleSystems":false},"in2DMode":false,"pivot":{"x":18.3204345703125,"y":17.424976348876954,"z":-8.502925872802735},"rotation":{"x":-0.03749082237482071,"y":-0.004496864043176174,"z":-0.00016869713726919144,"w":0.9992870688438416},"size":10.0,"orthographic":false}