{"cameraMode":{"drawMode":0,"name":"Shaded","section":"Shading Mode"},"sceneLighting":false,"audioPlay":false,"sceneViewState":{"showFog":false,"showMaterialUpdate":false,"showSkybox":false,"showFlares":false,"showImageEffects":false,"showParticleSystems":false},"in2DMode":false,"pivot":{"x":364.49993896484377,"y":205.00006103515626,"z":0.0},"rotation":{"x":0.002662172308191657,"y":-0.4607188403606415,"z":-0.0013824350899085403,"w":-0.8875444531440735},"size":418.19293212890627,"orthographic":true}