{"cameraMode":{"drawMode":0,"name":"Shaded","section":"Shading Mode"},"sceneLighting":false,"audioPlay":false,"sceneViewState":{"showFog":false,"showMaterialUpdate":false,"showSkybox":false,"showFlares":false,"showImageEffects":false,"showParticleSystems":false},"in2DMode":false,"pivot":{"x":-0.4564692974090576,"y":-0.3304572105407715,"z":-0.9171323776245117},"rotation":{"x":0.16304785013198853,"y":-0.4637208580970764,"z":0.08726068586111069,"w":0.8664684891700745},"size":1.9215760231018067,"orthographic":false}