{"cameraMode":{"drawMode":0,"name":"Shaded","section":"Shading Mode"},"sceneLighting":false,"audioPlay":false,"sceneViewState":{"showFog":false,"showMaterialUpdate":false,"showSkybox":false,"showFlares":false,"showImageEffects":false,"showParticleSystems":false},"in2DMode":false,"pivot":{"x":-2.0981979370117189,"y":1.0019211769104005,"z":2.6516270637512209},"rotation":{"x":0.001328826998360455,"y":0.4639045298099518,"z":-0.0006958568119443953,"w":0.8858835101127625},"size":0.8660253882408142,"orthographic":true}