{"cameraMode":{"drawMode":0,"name":"Shaded","section":"Shading Mode"},"sceneLighting":false,"audioPlay":false,"sceneViewState":{"showFog":false,"showMaterialUpdate":false,"showSkybox":false,"showFlares":false,"showImageEffects":false,"showParticleSystems":false},"in2DMode":false,"pivot":{"x":-0.5587024688720703,"y":-0.12489986419677735,"z":-0.08732318878173828},"rotation":{"x":0.2099076211452484,"y":0.013198284432291985,"z":-0.002833862090483308,"w":0.9776284694671631},"size":46.163246154785159,"orthographic":false}