{"cameraMode":{"drawMode":0,"name":"Shaded","section":"Shading Mode"},"sceneLighting":false,"audioPlay":false,"sceneViewState":{"showFog":false,"showMaterialUpdate":false,"showSkybox":false,"showFlares":false,"showImageEffects":false,"showParticleSystems":false},"in2DMode":false,"pivot":{"x":367.00689697265627,"y":69.65597534179688,"z":-0.79327392578125},"rotation":{"x":0.043486129492521289,"y":-0.0029971993062645199,"z":0.00013047522224951535,"w":0.9990498423576355},"size":418.1928405761719,"orthographic":false}